Feature,Importance
PM2.5,0.705233
PM10,0.10560189
NOx,0.066598244
CO,0.04760788
NO2,0.023639426
O3,0.02205337
NO,0.01685892
SO2,0.012407248
