Pollutant,Importance
PM2.5,0.7569837957864584
PM10,0.09645564190349222
NOx,0.04191902915475706
CO,0.034218830549371124
NO2,0.020632462909570694
O3,0.019459706047307276
SO2,0.016184044911178978
NO,0.0141464887378644
